ticker,industry
XOM,Oil & Gas
CVX,Oil & Gas
COP,Oil & Gas
EOG,Oil & Gas
SLB,Oil & Gas
MPC,Oil & Gas
PSX,Oil & Gas
VLO,Oil & Gas
OXY,Oil & Gas
HAL,Oil & Gas
DVN,Oil & Gas
BKR,Oil & Gas
TSLA,Automobiles
GM,Automobiles
F,Automobiles
TM,Automobiles
HMC,Automobiles
STLA,Automobiles
RACE,Automobiles
RIVN,Automobiles
LCID,Automobiles
NIO,Automobiles
LI,Automobiles
XPEV,Automobiles
JPM,Banks
BAC,Banks
WFC,Banks
C,Banks
GS,Banks
MS,Banks
USB,Banks
PNC,Banks
TFC,Banks
STT,Banks
BK,Banks
SCHW,Banks
AAPL,Technology
MSFT,Technology
NVDA,Technology
GOOGL,Technology
META,Technology
AVGO,Technology
ORCL,Technology
CRM,Technology
ADBE,Technology
AMD,Technology
INTC,Technology
CSCO,Technology
JNJ,Healthcare
LLY,Healthcare
UNH,Healthcare
MRK,Healthcare
ABBV,Healthcare
PFE,Healthcare
TMO,Healthcare
ABT,Healthcare
AMGN,Healthcare
BMY,Healthcare
GILD,Healthcare
CVS,Healthcare
